甲賀忍法帖,718,0,1,5,7,0
ただ君に晴れ,747,0,1,6,10,0
STAKEHOLDER,430,0,2,3,7,0
Sayonara Twilight -GC REMIX-,154,0,2,4,6,0
創聖のアクエリオン [RENEWAL],525,0,2,4,7,0
ようこそジャパリパークへ,588,0,2,4,7,11
恋は渾沌の隷也,151,0,2,4,7,11
空色デイズ,315,0,2,5,6,0
トキノワ,431,0,2,5,8,0
全力バタンキュー,495,0,2,5,8,0
Secret Answer,636,0,2,5,8,12
M.S.S.Phoenix,663,0,2,5,9,0
シャルル,689,0,2,5,9,11
シュガーソングとビターステップ,509,0,2,6,9,0
Pray,60,0,3,4,7,0
ピ・ピ・ピ・ミュージック,32,0,3,4,7,0
残酷な天使のテーゼ [RENEWAL],526,0,3,4,7,0
DreamRiser,538,0,3,5,6,0
ETERNAL BLAZE,316,0,3,5,7,0
ズッ友,429,0,3,5,8,0
ゴーゴー幽霊船,101,0,3,5,8,11
Ψ発見伝！,646,0,3,6,8,10
fake town baby,637,0,3,6,8,11
ヒトガタ,785,0,3,6,10,0
フルボッコ,559,0,3,6,11,0
ドラマツルギー,784,0,3,6,11,0
でんぱれーどJAPAN,505,0,3,7,10,0
Punky Funky Love,539,0,4,5,7,11
Crystal tears,70,0,4,6,9,0
おつかれサマー！,427,0,4,6,10,11
ANTI-HERO,428,0,4,6,11,0
すーぱーぬこになりたい,506,0,4,7,10,12
W.W.D,426,0,4,7,10,13
トラウマレコーダー,635,0,4,7,10,13
アヤノの幸福理論,143,1,1,2,4,0
会いたい,468,1,1,3,5,0
だってだってだって,470,1,1,4,7,0
ダブルラリアット [RENEWAL],514,1,1,4,7,0
ミライ,463,1,1,4,7,0
結ンデ開イテ羅刹ト骸,102,1,1,4,7,11
39みゅーじっく！,657,1,1,4,8,0
紅一葉,760,1,1,4,8,0
ハッピーシンセサイザ,516,1,1,4,8,11
からくりピエロ,550,1,1,4,9,0
ウミユリ海底譚,399,1,1,4,9,10
千本桜 [RENEWAL],660,1,1,4,9,11
Into Starlight,461,1,1,5,7,0
どりーみんチュチュ,490,1,1,5,8,0
サンドリヨン,405,1,1,5,9,0
悪ノ娘,406,1,1,5,9,0
Nyanyanyanyanyanyanya!,727,1,1,5,11,14
幸せになれる隠しコマンドがあるらしい,740,1,1,6,11,0
morning haze,359,1,2,4,5,0
Packaged,340,1,2,4,6,0
空想フォレスト,127,1,2,4,6,0
独りんぼエンヴィー,135,1,2,4,6,0
Miraculous Encounter,471,1,2,4,7,0
Reload,616,1,2,4,7,0
ストロボナイツ,339,1,2,4,7,0
ハジメテノオト,341,1,2,4,7,0
ECHO,489,1,2,4,8,0
Just Be Friends,459,1,2,4,8,0
Perverse Love Rock!,464,1,2,4,8,0
オレンジ,235,1,2,4,8,0
ダンシング☆サムライ,133,1,2,4,8,0
ワンダーランドと羊の歌,125,1,2,4,8,0
パラジクロロベンゼン,238,1,2,4,9,11
Mrs.Pumpkinの滑稽な夢,103,1,2,5,7,0
シリョクケンサ,467,1,2,5,7,0
マーメイド,473,1,2,5,7,0
ワールド・コーリング (TeddyLoid Remix),167,1,2,5,7,0
すうぃーと☆プラネット,563,1,2,5,8,0
トリノコシティ,645,1,2,5,8,0
悪ノ召使,719,1,2,5,8,0
天使だと思っていたのに,695,1,2,5,8,0
夕景イエスタデイ,144,1,2,5,8,0
ワールズエンド・ダンスホール[RENEWAL],544,1,2,5,8,12
アスノヨゾラ哨戒班,496,1,2,5,9,0
アルカリレットウセイ,694,1,2,5,9,0
いーあるふぁんくらぶ,533,1,2,5,9,0
ハロ/ハワユ,772,1,2,5,9,0
リンネ,333,1,2,5,9,0
彗星ハネムーン,674,1,2,5,9,0
だれかの心臓になれたなら,726,1,2,5,9,12
エイリアンエイリアン,534,1,2,5,10,0
ブリキノダンス,109,1,2,5,10,0
深海シティアンダーグラウンド,551,1,2,6,8,0
アストロトルーパー[RENEWAL],545,1,2,6,8,10
Holography,469,1,2,6,9,0
METEOR,706,1,2,6,9,0
Seyana.～何でも言うことを聞いてくれるアカネチャン～,688,1,2,6,9,0
STAY GOLD,730,1,2,6,9,0
いろは唄,618,1,2,6,9,0
夜咄ディセイブ [RENEWAL],673,1,2,6,9,13
グリーンライツ・セレナーデ,692,1,2,6,10,0
ちがう!!!,709,1,2,6,10,0
ロキ,733,1,2,6,10,0
天ノ弱,499,1,2,6,10,0
脱法ロック,546,1,2,6,10,10
働かずに食う(I Don’t Work)［IA Ver.］,532,1,2,6,11,0
てるみい,729,1,2,7,9,0
チェチェ・チェック・ワンツー！,742,1,2,7,10,0
リバースユニバース,755,1,2,7,10,0
太陽系デスコ,754,1,2,7,10,7
ボロボロだ,659,1,2,7,10,12
クレープが食べたい,654,1,2,7,11,0
飴と鎖,458,1,2,7,11,0
快晴,658,1,2,7,11,12
月夜ノ森,565,1,2,7,12,0
恋愛裁判,566,1,3,4,8,0
だんだん早くなる,401,1,3,4,9,0
Circuit DISCO,322,1,3,5,7,0
Shiny★STARS,621,1,3,5,7,0
ココロ,342,1,3,5,7,0
僕のサイノウ,73,1,3,5,7,0
右肩の蝶,106,1,3,5,7,10
M.S.S. Planet,152,1,3,5,7,11
Redial,337,1,3,5,8,0
Shooting Star-IA-,323,1,3,5,8,0
Tell Your World,338,1,3,5,8,0
Whereabouts of curry,180,1,3,5,8,0
プラグアウト,331,1,3,5,8,0
ロスタイムメモリー,130,1,3,5,8,0
東京テディベア[RENEWAL],555,1,3,5,8,0
如月アテンション,84,1,3,5,8,0
ロミオとシンデレラ [RENEWAL],502,1,3,5,8,10
Change me,361,1,3,5,9,0
エネの電脳紀行,164,1,3,5,9,0
オツキミリサイタル,128,1,3,5,9,0
シルバーバレット,466,1,3,5,9,0
人造エネミー,140,1,3,5,9,11
メカクシコード,142,1,3,5,9,12
しわ,472,1,3,5,10,0
九龍レトロ,237,1,3,5,11,0
ENDLESS DREAM -GC Mix-,584,1,3,5,12,0
Singularity,620,1,3,6,7,0
M.S.S.Phantom,279,1,3,6,8,0
THE BLUE,182,1,3,6,8,0
炉心融解,404,1,3,6,8,0
シンデレラシンドローム,231,1,3,6,8,11
ローリンガール [RENEWAL],515,1,3,6,8,11
CITRUS,462,1,3,6,9,0
magician’s operation,87,1,3,6,9,0
アンハッピーリフレイン [RENEWAL],665,1,3,6,9,0
おねがいダーリン,614,1,3,6,9,0
ビットチューン,615,1,3,6,9,0
ペルソナリティ・コンプレックス,536,1,3,6,9,0
みくみくにしてあげる♪【してやんよ】,403,1,3,6,9,0
ANCIENT,181,1,3,6,10,0
magnet,76,1,3,6,10,0
SETSUNA,391,1,3,6,10,0
StargazeR,393,1,3,6,10,0
エレキキュレーター,756,1,3,6,10,0
ジベタトラベル,111,1,3,6,10,0
ダンスロボットダンス,693,1,3,6,10,0
ビートシンカー,736,1,3,6,10,0
脱獄,564,1,3,6,10,0
魔法少女幸福論,137,1,3,6,10,0
領域のカナタVIIICELL,656,1,3,6,10,0
恋愛フィロソフィア,108,1,3,6,10,0
裏表ラバーズ [RENEWAL],513,1,3,6,10,12
イカサマライフゲイム,690,1,3,6,10,13
グラーヴェ,696,1,3,6,11,0
ジャバヲッキー・ジャバヲッカ,230,1,3,6,11,0
ダンスダンスデカダンス,232,1,3,6,11,0
ヘッドフォンアクター,141,1,3,6,11,0
安全運転?ムジ娘ちゃん,562,1,3,6,11,0
恋愛勇者,598,1,3,6,11,0
パンダヒーロー[RENEWAL],634,1,3,7,8,11
はやくそれになりたい！,710,1,3,7,9,0
セツナトリップ,465,1,3,7,9,11
アブストラクト・ナンセンス,402,1,3,7,10,0
サマータイムレコード,147,1,3,7,10,0
パーティクルパーティ,491,1,3,7,10,0
十面相,500,1,3,7,10,0
あるいは夢眠ねむという概念へのサクシード,639,1,3,7,10,12
ネトゲ廃人シュプレヒコール,498,1,3,7,10,12
あさき夢眠シ?恋模様,655,1,3,7,10,13
人生リセットボタン,676,1,3,7,10,13
マインドイブ,753,1,3,7,11,0
PaⅢ.SENSATION,585,1,3,7,12,0
インビジブル,773,1,3,7,12,0
ハイパーゴアムササビスティックディサピアリジーニャス,535,1,3,7,12,0
DYE,335,1,3,8,11,0
初音ミクの暴走,552,1,3,8,12,14
THE WORLDS,134,1,4,5,8,10
Crazy ∞ nighT,599,1,4,5,10,0
コノハの世界事情,129,1,4,5,10,0
Over Drive,166,1,4,6,8,0
アザレアの亡霊,139,1,4,6,9,12
かくしごと,400,1,4,6,11,0
Black or White,653,1,4,7,9,0
TODAY THE FUTURE,652,1,4,7,9,0
リモコン,336,1,4,7,9,11
アンダワ -GC remix-,110,1,4,7,10,0
え？あぁ、そう。,239,1,4,7,10,0
カゲロウデイズ,82,1,4,7,10,0
チルドレンレコード [RENEWAL],683,1,4,7,10,0
バビロン,136,1,4,7,10,0
少年ブレイヴ,146,1,4,7,10,0
先生と少女騒動 -第一審公判-,343,1,4,7,10,0
嗚呼、素晴らしきニャン生,162,1,4,7,10,0
マトリョシカ[RENEWAL],633,1,4,7,10,12
17K,457,1,4,7,11,0
Bad ∞ End ∞ Night,501,1,4,7,11,0
Magic Time，Future Show!,708,1,4,7,11,0
ヤンキーボーイ・ヤンキーガール,138,1,4,7,11,0
ロストワンの号哭,497,1,4,7,11,13
CELESTIAL,212,1,4,7,12,0
プラスチックケージ -GC remix-,112,1,4,7,12,0
クラブ＝マジェスティ,332,1,4,7,13,0
秘密警察,360,1,4,7,13,0
チュルリラ・チュルリラ・ダッダッダ！,619,1,4,8,10,12
六兆年と一夜物語,617,1,4,8,10,13
ドクター=ファンクビート,392,1,4,8,12,0
二次元ドリームフィーバー,334,1,4,8,12,0
エンヴィキャットウォーク,234,1,4,8,12,13
文学少女インセイン,233,1,4,9,11,0
あのね…実はわたし、夢眠ねむなんだ…?,561,1,4,9,11,13
骸骨楽団とリリア,236,1,5,7,12,0
アンノウン・マザーグース,638,1,5,8,11,12
初音ミクの消失,460,1,5,8,12,14
アウターサイエンス,145,1,5,10,12,0
色は匂へど 散りぬるを　(Fractal 1.5ver.),414,2,1,4,6,0
FullMoon,268,2,1,5,10,0
Finder,675,2,1,6,8,0
そして誰もいなくなった,368,2,1,6,8,0
アマノジャック,410,2,1,6,8,9
Metamorphosis,765,2,1,6,9,0
クレイジークレイジーダンサーズ,712,2,1,6,9,0
マウストゥーマウス,411,2,2,4,8,0
君色サブリミナル,412,2,2,4,8,0
待チ人ハ来ズ。,256,2,2,4,8,0
Bad Apple!! feat. nomico [RENEWAL],640,2,2,5,7,10
イニシャルイニシャルエコーエゴー,611,2,2,5,8,0
スターオーシャン,408,2,2,5,8,0
メイドと血の懐中時計,417,2,2,5,8,0
7 days a week,363,2,2,5,9,0
WARNING×WARNING×WARNING,543,2,2,5,9,0
宵闇鳥,651,2,2,5,9,0
LOVE FOR YOU,607,2,2,5,10,0
フロストガール,579,2,2,5,10,0
九十九星降,580,2,2,5,10,0
DIVINE PLACE,577,2,2,5,11,0
Say Around,697,2,2,5,11,0
幻想の旅人へ ～ Catch the Heart,575,2,2,5,11,0
鼓動、零れぬ酒,413,2,2,5,11,0
Grow Bigger!!,582,2,2,5,12,0
無邪気と言う名の正義,557,2,2,6,9,0
Reversal Process,699,2,2,6,10,0
Special Smile,698,2,2,6,10,0
あうんどばいみー,758,2,2,6,10,0
SACRIFICE feat. ayame (GC REFIX),684,2,2,6,10,12
Captain Murasa [Tracy vs. Astronomical Mix],759,2,2,6,11,0
FEEL MY BEAT!,367,2,2,6,11,0
INCOGNITO,418,2,2,6,11,0
Material of Puppets,517,2,2,6,11,0
Scream Out!,717,2,2,7,11,0
ナイト・オブ・ナイツ (feat. y t r) ? TOS Remix,735,2,2,7,11,13
ウサテイ2013,185,2,2,7,12,0
チルノのパーフェクトさんすう教室　⑨周年バージョン,578,2,2,7,12,0
ナイト・オブ・ナイツ 豚乙女ver.,734,2,2,7,12,0
beyond the star line,369,2,3,5,7,0
IN MY LIFE,608,2,3,5,8,0
Treasure,613,2,3,5,8,10
月に叢雲華に風,409,2,3,5,9,0
蒼空に舞え、墨染の桜,260,2,3,5,9,13
Endless Seeker,354,2,3,5,10,0
シンデレラケージ,416,2,3,5,10,0
焼痕煉黑、冷艶ノ絶,650,2,3,5,10,0
未確認幻想コースター,370,2,3,5,10,11
ゆけむり魂温泉,349,2,3,5,10,12
Crime Wave,264,2,3,5,11,0
ってゐ！ ～えいえんてゐver.～,253,2,3,5,11,0
仙酌絶唱のファンタジア,523,2,3,5,11,0
I.N.F.E.R.N.O,420,2,3,6,8,0
Faint Love,262,2,3,6,9,0
Help me，ERINNNNNN!!,183,2,3,6,9,0
I，SCREAM,263,2,3,6,9,0
完全の模様を刳り貫いて,606,2,3,6,9,0
明星ロケット,415,2,3,6,9,0
Colors,91,2,3,6,9,11
Starlight Vision (GC Mix),90,2,3,6,9,11
Foughten Field,292,2,3,6,10,0
White World feat. 小田ユウ,493,2,3,6,10,0
カリソメ,366,2,3,6,10,0
響縁,255,2,3,6,10,0
清らかな幸福,519,2,3,6,10,0
BlazeConductor,350,2,3,6,11,0
Border of Colour,572,2,3,6,11,0
秘神マターラ-HYPER TECHNO MIX-,666,2,3,6,11,13
D+D→T+p,291,2,3,6,12,0
Ring a bell beautifully -GAME Edit-,521,2,3,6,12,0
tete+a+tete,576,2,3,6,12,0
Sad Rain,573,2,3,6,13,0
Keep the Faith,259,2,3,7,8,0
MY FIRST FLOWER,358,2,3,7,10,0
Spider’s Blood,348,2,3,7,10,0
悪戯センセーション,751,2,3,7,10,0
細い線,407,2,3,7,10,0
揺蕩うLove (feat. らっぷびと),612,2,3,7,10,12
孤独な花,610,2,3,7,10,13
Dream Coaster,520,2,3,7,11,13
Cruel Moon NuMIX,266,2,3,7,12,0
Help me，ERINNNNNN!! -Cranky remix-,494,2,3,7,12,0
ジンガイクライシス,518,2,3,7,12,0
幻想のサテライト,258,2,3,7,12,0
畢竟成仏,766,2,3,7,12,0
GROOVE IT LUCKY (グルコス Mix),609,2,3,7,12,14
コノハズク,558,2,3,7,12,14
DullaRush,601,2,3,7,13,0
最終鬼畜妹フランドール・S,667,2,3,8,10,13
I,278,2,4,5,8,0
囲い無き世は一期の月影,257,2,4,6,9,12
今夜はヴァンピン☆全世界ナイトメア,191,2,4,6,10,0
FOUR SEASONS OF LONELINESS verβ feat.サリヤ人,265,2,4,6,10,13
聖少女サクリファイス,362,2,4,6,11,0
UFOロマンス,419,2,4,7,10,0
クリスタライズ！,314,2,4,7,10,0
最速最高シャッターガール,356,2,4,7,10,0
ID,276,2,4,7,11,0
あの日の蜃気楼,293,2,4,7,11,0
ケロ⑨destiny,261,2,4,7,11,0
チルノのパーフェクトさんすう教室,190,2,4,7,11,0
東方散楽祭,160,2,4,7,11,0
魔理沙は大変なものを盗んでいきました,189,2,4,7,11,0
My Voice is Dead.,364,2,4,7,12,0
天狗の詫び証文,355,2,4,7,12,0
東方双地舞,605,2,4,7,12,0
東方地神律,365,2,4,7,12,0
東方不死鳥,161,2,4,7,12,0
CYBER Sparks,267,2,4,7,13,0
リバース・デス,254,2,4,7,13,0
弾・幕・決・壊,775,2,4,7,13,0
東方人-TOHO BEAT-,186,2,4,8,11,0
東方音銃夢,159,2,4,8,11,13
カミノヒ,371,2,4,8,12,0
ジョーカー・ジュンコ ～ 永遠の純化,574,2,4,8,12,13
患部で止まってすぐ溶ける　～　狂気の優曇華院,317,2,4,8,12,13
LIMIT BURST,600,2,4,8,13,0
マーメイドダンス,581,2,4,8,13,0
東方外魔伝,522,2,4,10,14,0
ナイト・オブ・ナイツ,184,2,5,8,11,12
サドマミホリック,357,2,5,9,12,13
東方輝仁裂,583,2,5,10,15,0
Thor,769,3,1,5,9,11
THIS IS HDM,450,3,1,6,10,12
STAGER (ALL STAGE CLEAR),487,3,1,6,12,0
Blue Destiny Blue,451,3,2,4,8,12
Sunglow,452,3,2,5,7,0
Apocalypse,778,3,2,6,9,12
千のクロマ,485,3,2,6,12,0
Metallic Punisher,723,3,2,7,12,13
Modelista,724,3,2,7,13,0
Shooting Star,35,3,3,5,7,0
Hard Head,171,3,3,5,8,0
ピコラセテ,449,3,3,5,8,13
glory day,739,3,3,5,9,0
Sakura Mankai,174,3,3,5,9,0
Night Life,173,3,3,5,10,0
Spider Control 16th,175,3,3,5,10,0
I want You,771,3,3,6,8,11
Phone Dead Room,179,3,3,6,9,0
Crowded Town,178,3,3,6,10,0
HONEY?SUNRiSE,503,3,3,6,10,0
UFD,486,3,3,7,10,13
cyanine,641,3,3,7,11,13
Frey’s Philosophy,642,3,3,7,11,13
Ignotus,721,3,3,7,12,0
Be There,722,3,3,7,13,0
Song for Sprites,777,3,3,7,13,0
Hayabusa,779,3,3,8,13,0
Journey,776,3,3,8,13,0
Singularity -Binary Enfold-,725,3,3,8,14,0
Arabesque,176,3,4,6,10,0
Crowded space,36,3,4,6,10,0
Roteen da Moon,170,3,4,6,10,0
Extreme MGG★★★,37,3,4,6,11,0
Stronger,177,3,4,6,12,0
Specta,648,3,4,7,10,13
Nevermind,768,3,4,7,12,0
SON OF SUN,770,3,4,7,12,0
Androgynos,647,3,4,7,12,13
Axeria,504,3,4,7,13,0
OBLIVION,741,3,4,7,13,0
Scars of FAUNA,300,3,4,7,13,0
U.A.D,737,3,4,7,13,0
セイクリッド ルイン,591,3,4,7,13,0
夜明けまであと3秒,661,3,4,8,11,13
Fermion,743,3,4,8,12,0
You are the Miserable,649,3,4,8,12,14
Don't Die,738,3,4,8,13,0
Linear Accelerator,488,3,4,8,13,15
FLOWER,294,3,4,8,14,0
極圏,589,3,4,8,14,0
ミュージック・リボルバー,33,3,5,6,10,14
Ray of Illuminati,767,3,5,8,12,0
Floor of Lava,677,3,5,8,14,0
TGM in the Bottle,172,3,5,9,11,0
Libera Ray,662,3,5,9,13,0
VERTeX,299,3,5,9,13,0
怒槌,590,3,5,9,14,0
GERBERA,704,3,5,10,14,0
Taiko Drum Monster,703,3,5,10,14,0
Xevel,702,3,5,10,14,0
Garakuta Doll Play,296,3,6,10,13,0
きたさいたま2000,295,3,6,10,14,0
Ignis Danse,297,3,6,11,14,0
A New Journey,245,4,1,4,5,0
Departure,240,4,1,4,7,0
I miss you baby,481,4,1,4,8,0
Tragedy Flame,328,4,1,4,8,0
Bonetrousle,761,4,1,5,8,0
ピリオドのない世界,547,4,1,5,9,0
本物のヒーローとの戦い,715,4,1,5,9,0
君のいたあの日に (GS2 Version),252,4,2,3,5,0
Invader Disco,28,4,2,3,6,10
Planet connection,27,4,2,4,6,0
バトル#2 ～ヒゲドライバーMIX～,478,4,2,4,6,11
Code: Vermilion [Main Theme],301,4,2,4,7,0
Departure -Remix-,244,4,2,4,7,0
Flower of Gangster,100,4,2,4,7,0
I CANNOT APE,10,4,2,4,7,0
Geometric City -GC Remix-,126,4,2,4,8,0
Lightning strikes,327,4,2,4,8,0
カンナンシンク,25,4,2,4,8,0
KIKIKAIKAI,45,4,2,4,8,11
Over the Pride[Theme: 古グリダ城 迎撃戦],303,4,2,4,10,0
Rhythm Fang，Over Sword [Theme: ガイエ街道 奇襲戦],302,4,2,4,11,0
Freedom,395,4,2,5,8,0
Ｇ ZERO,344,4,2,5,8,0
Inferiority Complex,249,4,2,5,8,0
The world of spirit,346,4,2,5,8,0
決戦！！from Z,247,4,2,5,8,0
ドラゴンスピリットメドレー,479,4,2,5,9,0
電車で電車でOPA!OPA!OPA! -GMT mashup-／mashup by Yuji Masubuchi(BNSI),224,4,2,5,9,0
Can’t come back?,454,4,2,5,10,0
Unknown Pollution,329,4,2,5,10,0
華麗なる死闘,714,4,2,5,10,12
オレを越えて行け,528,4,2,5,11,0
Abyssal Withdrawal,394,4,2,6,11,0
You and Me,483,4,2,6,11,0
Reversible Justice,530,4,2,6,13,0
THE SEVENTH BOSS 2019 (GC Mix),744,4,2,7,9,0
Gloria,586,4,2,7,10,0
Discover from W -Remix-,246,4,3,4,7,0
Invade You,7,4,3,5,7,0
CHRONORISE,324,4,3,5,8,0
Dragon’s Den,248,4,3,5,8,0
Fungal Funk/Portabellohead,442,4,3,5,8,0
outsider,216,4,3,5,8,0
say PaPa re:mix,396,4,3,5,8,0
The Future,218,4,3,5,8,0
これでホントにサヨナラ,716,4,3,5,8,0
Agent Angels,123,4,3,5,9,0
COSMIC AIR WAY -Trans Mountain Express MIX-,397,4,3,5,9,0
RIDGE RACER STEPS -GMT remix-,220,4,3,5,9,0
Space Invaders Infinity Gene Medley,17,4,3,5,9,0
The Orb Festival,242,4,3,5,9,0
アズゴア,763,4,3,5,9,0
カタワレ,307,4,3,5,9,0
ファンタジーゾーン OPA-OPA! -GMT remix-,219,4,3,5,9,0
議論 -HEAT UP-　NecroDancer REMIX,443,4,3,5,9,0
Disco Descent/Mausoleum Mash,440,4,3,5,9,7
燃えるハロウィンタウン,456,4,3,5,10,0
FAKE -PROGRESSIVE KOTA MIX- (GC Mix),746,4,3,5,11,0
Wizard,482,4,3,5,13,0
KALEIDOSCOPE,529,4,3,6,8,0
BURN ALT AIR,55,4,3,6,9,0
CERAMIC HEART (ALR REWIND REMIX),121,4,3,6,9,0
FAKE (ALR REMIX),345,4,3,6,9,0
Walking Through The Towers,241,4,3,6,9,0
スパイダーダンス,762,4,3,6,9,0
だんがんろんぱ!　NecroDancer REMIX,441,4,3,6,9,0
BEFORE TEN ORB,56,4,3,6,10,0
CHRONOPHANTASMA,194,4,3,6,10,0
Queen of rose,325,4,3,6,10,0
Static Const Void,96,4,3,6,10,0
バーニングフォースメドレー,480,4,3,6,10,0
リッジでリッジでGO!GO!GO! -GMT mashup-,223,4,3,6,10,0
最高の悪夢,764,4,3,6,10,12
Choose Your Way,217,4,3,6,11,0
SideStrania “BOSS2″,453,4,3,6,11,0
電車で電車でGO!GO!GO!GC! -GMT remix-,221,4,3,6,11,0
Overloud,484,4,3,6,12,0
Penetration of light into morality,602,4,3,6,12,0
ナムコットメドレー,643,4,3,7,9,12
RAVE WAR,587,4,3,7,10,0
Lust SIN,527,4,3,7,11,0
影の伝説 ～豚乙女mix～,560,4,3,7,13,0
小夜のテーマ ～とぱぞのアレンジ～,604,4,3,7,13,0
Captain NEO -Confusion Mix-,57,4,4,5,7,0
Hello 31337,18,4,4,5,7,0
Quartet Theme [Reborn],39,4,4,5,8,0
VISIONNERZ～幻視人～,23,4,4,5,8,11
Good-bye my earth,16,4,4,6,7,0
Catus Carnival,195,4,4,6,10,0
DADDY MULK -Groove remix-,38,4,4,6,10,0
Invader GIRL!,124,4,4,6,10,0
ON THE VERGE OF REVIVAL(RED HARDCORE REMIX),113,4,4,6,10,0
Walking Through The Towers -Remix-,243,4,4,6,10,0
ラベンダーの咲く庭-Progressive Flute Ver.-,603,4,4,6,10,0
檄 (GEKI),12,4,4,6,10,0
Gluttony Fang,326,4,4,6,10,12
MEGALOVANIA,713,4,4,6,10,12
ライトニング・デュアルホープ (GC Mix),745,4,4,6,11,0
Awakening The Chaos,197,4,4,6,12,0
瞳のLAZhWARD,250,4,4,7,10,0
Shadow,26,4,4,7,11,0
Soul Evolution,251,4,4,7,11,0
Rebellion,196,4,4,7,12,0
アルカノイドvsインベーダー,425,4,4,7,12,0
オパ! オパ! RACER -GMT mashup-,222,4,4,7,12,0
バブルボブルメドレー,347,4,4,7,12,0
]-[|/34<#!,455,4,5,9,13,14
劇場版　怪談「カーナビ」,783,5,1,7,11,0
Jingle Bells -Trance Mix-,24,5,2,4,6,0
Sakura Remix,98,5,2,4,6,0
カノン[RENEWAL],556,5,2,4,6,9
Moonbound feat. Yukacco,553,5,2,5,9,0
Old Heaven,435,5,2,5,10,0
バーチャルのじゃロリ狐娘Youtuberおじさんのうた,691,5,2,5,10,0
Never Stop (GC Mix),700,5,2,5,12,0
Desert Bread,687,5,2,6,9,0
We Are The Massive New Krew -GC Edit-,424,5,2,6,10,0
ピアノ・ソナタ「月光」第三楽章 [RENEWAL],668,5,2,6,12,14
Punk Silent Night,97,5,3,5,8,0
You Need Fxxkin’ Anthem,439,5,3,5,8,0
STORY,80,5,3,6,10,0
Ever Free,433,5,3,6,11,0
Tropics -GC edit-,681,5,3,6,11,0
VALLISTA,540,5,3,6,11,14
Party 4U -holy nite mix-,436,5,3,6,12,0
While Shining feat. Yukacco,757,5,3,7,10,0
Extra Mode,571,5,3,7,10,12
B.B.K.K.B.K.K.,669,5,3,7,10,13
GO BACK 2 YOUR RAVE,679,5,3,7,10,13
AXION,541,5,3,7,11,13
RETROID,319,5,4,6,9,12
ukigumo,438,5,4,6,10,0
UP & DOWN,686,5,4,6,11,0
FREE CONNECTION 2 -G.C.スペシャルエディットVer.-,277,5,4,6,12,0
Brain Power,732,5,4,6,13,0
SiLent ErRors -Un-True-,386,5,4,7,11,0
Valhalla,352,5,4,7,13,0
Weave Detonator,269,5,4,7,13,0
Shiny Memory feat. Yukacco,748,5,4,8,12,0
conflict,437,5,4,8,12,13
EZ Mode,685,5,4,8,12,14
2112410403927243233368,321,5,4,9,12,14
Halcyon,351,5,5,7,11,13
ouroVoros,774,5,5,9,13,0
Music Plot Type Three,99,6,1,2,3,0
Play merrily,1,6,2,4,5,8
No more labor,198,6,2,4,6,0
Sleep,94,6,2,4,7,0
Under Control,158,6,2,4,7,0
Maiami Sound Beats,156,6,2,4,8,0
SPACE ARCADIAN,118,6,2,4,8,0
World Collapse,54,6,2,4,8,0
終わらないグルーヴ,157,6,2,4,8,0
Flakes,155,6,2,4,10,0
Fun-House,11,6,2,5,7,0
Analysis Division,47,6,2,5,9,0
飛び立て！ドリームパーティー,593,6,2,5,9,0
Not get wish,3,6,2,5,10,0
Just no friend,20,6,2,6,9,0
Little Higher,711,6,2,6,12,0
GLITHCRE,597,6,2,10,14,0
Fess up!,22,6,3,4,6,0
Protocol Signal Generation,19,6,3,4,7,0
TAKING OFF,387,6,3,4,7,0
comet,199,6,3,4,9,0
DOTTED 8TH,389,6,3,4,9,0
HB-axeleration,116,6,3,5,7,0
Lost Colors,51,6,3,5,7,0
The Beginning,999,6,3,5,7,0
クレープ・to・ミー。,554,6,3,5,7,0
Breach of faith,6,6,3,5,8,0
Groove Prayer,153,6,3,5,8,0
Sweet Love,271,6,3,5,8,0
COZMIC OPERATION,53,6,3,5,9,0
It’s a pit world,148,6,3,5,9,0
Smash a mirror,383,6,3,5,9,0
PIXEL STAR,41,6,3,5,9,12
Flyaway,149,6,3,5,10,0
SKYSCRAPER,115,6,3,5,10,0
Spring to mind,14,6,3,5,10,0
Thrash Beat,21,6,3,5,10,0
VEGAS,388,6,3,5,10,0
平成快晴どってんしゃん,274,6,3,5,10,12
Stratospheric Journey,373,6,3,5,11,0
Cosmic Express,680,6,3,5,12,0
君のStarlight Road,644,6,3,6,7,0
カンフーガール＝ロンメイ,169,6,3,6,7,11
OVER THE NIGHT,46,6,3,6,8,0
LINK LINK FEVER!!!,474,6,3,6,9,0
Negative Return,385,6,3,6,9,0
Jupiter II Europa,50,6,3,6,9,12
KUNG FU GIRL,477,6,3,6,10,0
カンフーマスター＝拳,168,6,3,6,10,0
MOVING FASTER FT. LINDSEY MARIE,672,6,3,6,10,13
シンドイ・ザ・ライド,629,6,3,6,10,14
Under The Moon,421,6,3,6,11,0
座和々,372,6,3,6,11,0
HAPPY! LUCKY! FUTURE WORLD!,670,6,3,6,11,13
JUMPEE!,627,6,3,6,11,13
Caramel Mocha,595,6,3,6,12,0
Heavenly Particle,330,6,3,6,12,0
HG魔改造ポリビニル少年,512,6,3,6,12,0
MIRACLE PARTY,568,6,3,6,12,0
STARLIGHT TWILIGHT -GC edit-,309,6,3,6,12,0
≪AI≫リアリィ・フェアリィ≪tubers≫,731,6,3,6,12,14
Sign of “10.5km”,381,6,3,7,10,0
Horizons,624,6,3,7,10,13
APELIOTES,594,6,3,7,12,0
MERLIN,569,6,3,7,12,0
PUT YOUR HANDS UP,671,6,3,7,12,8
AM貴族 すたどんたん殿下,630,6,3,7,13,0
MAD FREAKS,567,6,3,7,13,0
Pegasus,701,6,3,8,12,0
TECHNO COMPLEX,492,6,3,8,12,0
Scarlet Lance,510,6,3,10,13,15
Freestyle Beats,42,6,4,5,8,0
Period of Revolution,122,6,4,5,9,0
Play merrily NEO,275,6,4,5,10,0
STAR COASTER,114,6,4,6,9,0
ラバー★ポップ,200,6,4,6,9,0
ＦＭ音源黙示録-Apocalypse of FM Tone Generator-,628,6,4,6,9,12
Cardiac Rhythm,13,6,4,6,10,0
orbital,378,6,4,6,10,0
No Way Out,93,6,4,6,10,12
Stardust Vox,92,6,4,6,10,12
グルーヴ・ザ・ハート,187,6,4,6,11,0
VELVET,312,6,4,6,12,0
Wandering One,626,6,4,6,12,0
Five to Seven,52,6,4,7,11,0
TRIPLE3T,390,6,4,7,11,0
QLWA,374,6,4,7,11,14
Bright Lights,476,6,4,7,12,0
Lethal Dose,596,6,4,7,12,0
VOLT,313,6,4,7,12,0
DX超性能フルメタル少女,201,6,4,7,13,0
Shiva,382,6,4,7,13,0
tiny tales continue,380,6,4,7,13,0
Warrior,475,6,4,7,13,0
Xand-Roid,682,6,4,7,13,0
メシアの邂逅,273,6,4,8,13,0
聖者の息吹,272,6,4,8,13,0
Future Coaster,542,6,4,8,14,0
熟成!醸造!発酵星◎～スペースヨーグルアース～,707,6,4,9,12,13
全人類犬化計画,631,6,4,9,12,13
10pt8ion,780,6,4,9,14,0
Black MInD,379,6,4,9,14,0
Satisfiction,119,6,5,7,10,0
Wacky dance ethnic,44,6,5,7,12,0
聖者の覚醒,623,6,5,7,12,0
聖者の鼓動,117,6,5,7,12,0
零式 <Type-ZERO>,310,6,5,7,13,0
Groove Prayer -tpz Despair Remix-,422,6,5,8,12,0
Satisfiction (Massive New Krew Remix),423,6,5,8,12,0
グルーヴ・リボルバー,43,6,5,8,12,13
ADRENA,625,6,5,9,12,14
Solar Storm,353,6,5,10,13,15
Got sorted view.,720,6,5,11,13,0
OMAKENO Stroke,192,6,5,11,13,0
Got OVA store.,781,6,6,10,13,0
Crimson Phoenix,632,6,6,10,13,14
Lemegeton -little key of solomon-,749,6,6,10,13,15
Got temporary haven?,782,6,6,10,14,0
Got hive of Ra,384,6,6,11,13,0
Got more raves?,48,6,6,11,13,0
FUJIN Rumble,298,6,6,11,14,0
Got a pain cover?,49,6,6,12,13,0
Got noir forever.,320,6,6,12,14,0
Got recover run,622,6,6,12,14,0
Marry me，Nightmare,311,6,6,12,14,0
BUCHiGiRE Berserker,705,6,7,11,15,0
ouroboros -twin stroke of the end-,592,6,7,11,15,0
Good Night，Bad Luck.,570,6,7,13,15,0
Got more raves? -xiRemix-,548,6,7,13,15,0
